-- phpMyAdmin SQL Dump
-- version 4.8.5
-- https://www.phpmyadmin.net/
--
-- Host: 127.0.0.1
-- Generation Time: Mar 15, 2023 at 07:52 PM
-- Server version: 10.1.38-MariaDB
-- PHP Version: 7.3.2

SET SQL_MODE = "NO_AUTO_VALUE_ON_ZERO";
SET AUTOCOMMIT = 0;
START TRANSACTION;
SET time_zone = "+00:00";


/*!40101 SET @OLD_CHARACTER_SET_CLIENT=@@CHARACTER_SET_CLIENT */;
/*!40101 SET @OLD_CHARACTER_SET_RESULTS=@@CHARACTER_SET_RESULTS */;
/*!40101 SET @OLD_COLLATION_CONNECTION=@@COLLATION_CONNECTION */;
/*!40101 SET NAMES utf8mb4 */;

--
-- Database: `artostudy`
--

-- --------------------------------------------------------

--
-- Table structure for table `shirketler`
--

CREATE TABLE `shirketler` (
  `id` int(10) NOT NULL,
  `ad` varchar(50) NOT NULL,
  `link` varchar(200) NOT NULL
) ENGINE=InnoDB DEFAULT CHARSET=utf8;

--
-- Dumping data for table `shirketler`
--

INSERT INTO `shirketler` (`id`, `ad`, `link`) VALUES
(1, 'Azline tədris mərkəzi', 'https://azline.az'),
(2, 'Home education', 'http://www.home-edu.az/'),
(3, 'Home education', 'http://www.home-edu.az/'),
(4, 'Azline tədris mərkəzi', 'https://azline.az'),
(5, 'Elif Tədris Mərkəzi', '#'),
(6, 'Azericom (Neftçilər)', '#'),
(7, 'Home education', 'http://www.home-edu.az/'),
(8, 'Home education', 'http://www.home-edu.az/'),
(9, 'Elif Tədris Mərkəzi', '#'),
(10, 'Home education', 'http://www.home-edu.az/'),
(11, 'Home education', 'http://www.home-edu.az/'),
(12, 'Azline tədris mərkəzi', 'https://www.azline.az'),
(13, 'Elif Tədris Mərkəzi', '#'),
(14, 'Home education', 'http://www.home-edu.az/'),
(15, 'Home education', 'http://www.home-edu.az/'),
(16, 'Lead education', 'http://www.leadeducation.az/'),
(17, 'Azline tədris mərkəzi', 'https://azline.az'),
(18, 'Elif Tədris Mərkəzi', '#'),
(19, 'AzimuT Tədris Mərkəzi', '#'),
(20, 'Azericom (Neftçilər)', '#'),
(21, 'Lead education', 'http://www.leadeducation.az/'),
(22, 'Azline tədris mərkəzi', 'https://azline.az'),
(23, 'Elif Tədris Mərkəzi', '#'),
(24, 'AzimuT Tədris Mərkəzi', '#'),
(25, 'Smart Kids Tədris Mərkəzi', '#'),
(26, 'Azericom (Neftçilər)', '#'),
(27, 'Tərəqqi 1', '#'),
(28, 'Lead education', 'http://www.leadeducation.az/'),
(29, 'Azline tədris mərkəzi', 'https://azline.az'),
(30, 'Elif Tədris Mərkəzi', '#'),
(31, 'Smart Kids Tədris Mərkəzi', '#'),
(32, 'Azericom (Neftçilər)', '#'),
(33, 'Home education', 'http://www.home-edu.az/'),
(34, 'Tərəqqi 1', '#'),
(35, 'BELC', 'http://www.belc.az/'),
(36, 'PRESTIJ-S TEDRIS MERKEZI', 'http://prestij-s.com'),
(37, 'Home education', 'http://www.home-edu.az/'),
(38, 'Edu company', 'http://www.educompany.az'),
(39, 'AzimuT Tədris Mərkəzi', '#'),
(40, 'Home education', 'http://www.home-edu.az/'),
(41, 'Hədəf kursları', 'http://www.hedef.edu.az/'),
(42, 'BELC', 'http://www.belc.az/'),
(43, 'Xəzər Təhsil Mərkəzi (Gəncə)', 'http://www.xtm.az'),
(44, 'Edu company', 'http://www.educompany.az'),
(45, 'Hədəf kursları', 'http://www.hedef.edu.az/'),
(46, 'Hədəf kursları', 'http://www.hedef.edu.az/'),
(47, 'Zəfər kursları', 'http://www.zefer.edu.az'),
(48, 'Hədəf kursları', 'http://www.hedef.edu.az/'),
(49, 'Zəfər kursları', 'http://www.zefer.edu.az'),
(50, 'Hədəf kursları', 'http://www.hedef.edu.az/'),
(51, 'BELC', 'http://www.belc.az/'),
(52, 'Xəzər Təhsil Mərkəzi (Gəncə)', 'http://www.xtm.az'),
(53, 'Edu company', 'http://www.educompany.az'),
(54, 'BELC', 'http://www.belc.az/'),
(55, 'Xəzər Təhsil Mərkəzi (Gəncə)', 'http://www.xtm.az'),
(56, 'Edu company', 'http://www.educompany.az'),
(57, 'Hədəf kursları', 'http://www.hedef.edu.az/'),
(58, 'Zəfər kursları', 'http://www.zefer.edu.az'),
(59, 'Hədəf kursları', 'http://www.hedef.edu.az/'),
(60, 'Hədəf kursları', 'http://www.hedef.edu.az/'),
(61, 'BELC', 'http://www.belc.az/'),
(62, 'Xəzər Təhsil Mərkəzi (Gəncə)', 'http://www.xtm.az'),
(63, 'Edu company', 'http://www.educompany.az'),
(64, 'Zəfər kursları', 'http://www.zefer.edu.az'),
(65, 'Lead education', 'http://www.leadeducation.az/'),
(66, 'UNİKAL Təhsil Mərkəzi', 'https://unikal.edu.az/'),
(67, 'Azəri hazırlıq kursları', 'http://www.azeri.edu.az'),
(68, 'Regİon Kursları', 'http://www.region-edu.az'),
(69, 'Smart Kids Tədris Mərkəzi', '#'),
(70, 'Hədəf kursları', 'http://www.hedef.edu.az/'),
(71, 'Hədəf kursları', 'http://www.hedef.edu.az/'),
(72, 'Azericom (Neftçilər)', '#'),
(73, 'Azline tədris mərkəzi', 'https://azline.az'),
(74, 'Azericom (Neftçilər)', '#'),
(75, 'Azline tədris mərkəzi', 'https://azline.az'),
(76, 'Azericom (Neftçilər)', '#'),
(77, 'Home education', 'http://www.home-edu.az/'),
(78, 'Azline tədris mərkəzi', 'https://azline.az'),
(79, 'Azericom (Neftçilər)', '#'),
(80, 'Yeni Şəfəq Tədris Mərkəzi', 'https://www.yenishefeq.az/az/'),
(81, 'Azericom (Neftçilər)', '#'),
(82, 'Home education', 'http://www.home-edu.az/'),
(83, 'Azline tədris mərkəzi', 'https://azline.az'),
(84, 'Azericom (Neftçilər)', '#'),
(85, 'Home education', 'http://www.home-edu.az/'),
(86, 'Azline tədris mərkəzi', 'https://azline.az'),
(87, 'AzimuT Tədris Mərkəzi', '#'),
(88, 'Azericom (Neftçilər)', '#'),
(89, 'Azline tədris mərkəzi', 'https://azline.az'),
(90, 'AzimuT Tədris Mərkəzi', '#'),
(91, 'Azline tədris mərkəzi', 'https://azline.az'),
(92, 'Azericom (Neftçilər)', '#'),
(93, 'Home education', 'http://www.home-edu.az/'),
(94, 'Home education', 'http://www.home-edu.az/'),
(95, 'Home education', 'http://www.home-edu.az/'),
(96, 'Lead education', 'http://www.leadeducation.az/'),
(97, 'Lead education', 'http://www.leadeducation.az/'),
(98, 'Yeni Şəfəq Tədris Mərkəzi', 'https://www.yenishefeq.az/az/'),
(99, 'BELC', 'http://www.belc.az/'),
(100, 'Yeni Şəfəq Tədris Mərkəzi', 'https://www.yenishefeq.az/az/'),
(101, 'Yeni Şəfəq Tədris Mərkəzi', 'https://www.yenishefeq.az/az/'),
(102, 'BELC', 'http://www.belc.az/'),
(103, 'Yeni Şəfəq Tədris Mərkəzi', 'https://www.yenishefeq.az/az/'),
(104, 'BELC', 'http://www.belc.az/'),
(105, 'Azline tədris mərkəzi', 'https://azline.az'),
(106, 'BELC', 'http://www.belc.az/'),
(107, 'Lead education', 'http://www.leadeducation.az/'),
(108, 'Lead education', 'http://www.leadeducation.az/'),
(109, 'Azline tədris mərkəzi', 'https://azline.az'),
(110, 'Tərəqqi 1', '#'),
(111, 'Azline tədris mərkəzi', 'https://azline.az'),
(112, 'Lead education', 'http://www.leadeducation.az/'),
(113, 'BELC', 'http://www.belc.az/'),
(114, 'BELC', 'http://www.belc.az/'),
(115, 'BELC', 'http://www.belc.az/'),
(116, 'BELC', 'http://www.belc.az/'),
(117, 'Lead education', 'http://www.leadeducation.az/'),
(118, 'Lead education', 'http://www.leadeducation.az/'),
(119, 'Lead education', 'http://www.leadeducation.az/'),
(120, 'Yeni Şəfəq Tədris Mərkəzi', 'https://www.yenishefeq.az/az/'),
(121, 'Regİon Kursları', 'http://www.region-edu.az'),
(122, 'Tərəqqi 1', '#'),
(123, 'BELC', 'http://www.belc.az/'),
(124, 'UNİKAL Təhsil Mərkəzi', 'https://unikal.edu.az/'),
(125, 'Hədəf kursları', 'http://www.hedef.edu.az/'),
(126, 'Xəzər Təhsil Mərkəzi (Gəncə)', 'http://www.xtm.az'),
(127, 'Xəzər Təhsil Mərkəzi (Gəncə)', 'http://www.xtm.az'),
(128, 'Azline tədris mərkəzi', 'https://azline.az'),
(129, 'Xəzər Təhsil Mərkəzi (Gəncə)', 'http://www.xtm.az'),
(130, 'Azline tədris mərkəzi', 'https://azline.az'),
(131, 'Azline tədris mərkəzi', 'https://azline.az'),
(132, 'Hədəf kursları', 'http://www.hedef.edu.az/'),
(133, 'Xəzər Təhsil Mərkəzi (Gəncə)', 'http://www.xtm.az'),
(134, 'Xəzər Təhsil Mərkəzi (Gəncə)', 'http://www.xtm.az'),
(135, 'Azline tədris mərkəzi', 'https://azline.az'),
(136, 'Azline tədris mərkəzi', 'https://azline.az'),
(137, 'Hədəf kursları', 'http://www.hedef.edu.az/'),
(138, 'Xəzər Təhsil Mərkəzi (Gəncə)', 'http://www.xtm.az'),
(139, 'Hədəf kursları', 'http://www.hedef.edu.az/'),
(140, 'Xəzər Təhsil Mərkəzi (Gəncə)', 'http://www.xtm.az'),
(141, 'Azline tədris mərkəzi', 'https://azline.az'),
(142, 'Hədəf kursları', 'http://www.hedef.edu.az/'),
(143, 'Hədəf kursları', 'http://www.hedef.edu.az/'),
(144, 'Xəzər Təhsil Mərkəzi (Gəncə)', 'http://www.xtm.az'),
(145, 'Xəzər Təhsil Mərkəzi (Gəncə)', 'http://www.xtm.az'),
(146, 'Hədəf kursları', 'http://www.hedef.edu.az/'),
(147, 'Zəfər kursları', 'http://www.zefer.edu.az'),
(148, 'Hədəf kursları', 'http://www.hedef.edu.az/'),
(149, 'Zəfər kursları', 'http://www.zefer.edu.az'),
(150, 'Xəzər Təhsil Mərkəzi (Gəncə)', 'http://www.xtm.az'),
(151, 'Zəfər kursları', 'http://www.zefer.edu.az'),
(152, 'Xəzər Təhsil Mərkəzi (Gəncə)', 'http://www.xtm.az'),
(153, 'STİMUL Education & Consulting', 'https://stimul.az'),
(154, 'Elbite cources', '#'),
(155, 'Azline tədris mərkəzi', 'https://azline.az'),
(156, 'PRESTIJ-S TEDRIS MERKEZI', 'http://prestij-s.com'),
(157, 'Xəzər Təhsil Mərkəzi (Gəncə)', 'http://www.xtm.az'),
(158, 'Home education', 'http://www.home-edu.az/'),
(159, 'AzimuT Tədris Mərkəzi', '#'),
(160, 'Azericom (Neftçilər)', '#'),
(161, 'Xəzər Təhsil Mərkəzi (Gəncə)', 'http://www.xtm.az'),
(162, 'Home education', 'http://www.home-edu.az/'),
(163, 'Home education', 'http://www.home-edu.az/'),
(164, 'Elbite cources', '#'),
(165, 'Elbite cources', '#'),
(166, 'PRESTIJ-S TEDRIS MERKEZI', 'http://prestij-s.com'),
(167, 'AzimuT Tədris Mərkəzi', '#'),
(168, 'Xəzər Təhsil Mərkəzi (Gəncə)', 'http://www.xtm.az'),
(169, 'Azericom (Neftçilər)', '#'),
(170, 'Home education', 'http://www.home-edu.az/'),
(171, 'Elbite cources', '#'),
(172, 'Elbite cources', '#'),
(173, 'Azline tədris mərkəzi', 'https://azline.az'),
(174, 'PRESTIJ-S TEDRIS MERKEZI', 'http://prestij-s.com'),
(175, 'AzimuT Tədris Mərkəzi', '#'),
(176, 'Xəzər Təhsil Mərkəzi (Gəncə)', 'http://www.xtm.az'),
(177, 'Azericom (Neftçilər)', '#'),
(178, 'Home education', 'http://www.home-edu.az/'),
(179, 'Elbite cources', '#'),
(180, 'AzimuT Tədris Mərkəzi', '#'),
(181, 'Elbite cources', '#'),
(182, 'PRESTIJ-S TEDRIS MERKEZI', 'http://prestij-s.com'),
(183, 'AzimuT Tədris Mərkəzi', '#'),
(184, 'Elbite cources', '#'),
(185, 'BELC', 'http://www.belc.az/'),
(186, 'Azline tədris mərkəzi', 'https://azline.az'),
(187, 'Elif Tədris Mərkəzi', '#'),
(188, 'PRESTIJ-S TEDRIS MERKEZI', 'http://prestij-s.com'),
(189, 'AzimuT Tədris Mərkəzi', '#'),
(190, 'Xəzər Təhsil Mərkəzi (Gəncə)', 'http://www.xtm.az'),
(191, 'Azericom (Neftçilər)', '#'),
(192, 'Home education', 'http://www.home-edu.az/'),
(193, 'Elbite cources', '#'),
(194, 'AzimuT Tədris Mərkəzi', '#'),
(195, 'UNİKAL Təhsil Mərkəzi', 'https://unikal.edu.az/'),
(196, 'Avrasiya Tədris Mərkəzi', '#'),
(197, 'Xəzər Təhsil Mərkəzi (Gəncə)', 'http://www.xtm.az'),
(198, 'Partner Tədris Mərkəzi', '#'),
(199, 'STİMUL Education & Consulting', 'https://stimul.az'),
(200, 'Elbite cources', '#'),
(201, 'Elif Tədris Mərkəzi', '#'),
(202, 'PRESTIJ-S TEDRIS MERKEZI', 'http://prestij-s.com'),
(203, 'Xəzər Təhsil Mərkəzi (Gəncə)', 'http://www.xtm.az'),
(204, 'Azericom (Neftçilər)', '#'),
(205, 'Elbite cources', '#'),
(206, 'Home education', 'http://www.home-edu.az/'),
(207, 'PRESTIJ-S TEDRIS MERKEZI', 'http://prestij-s.com'),
(208, 'Xəzər Təhsil Mərkəzi (Gəncə)', 'http://www.xtm.az'),
(209, 'Elbite cources', '#'),
(210, 'Elbite cources', '#'),
(211, 'Elbite cources', '#'),
(212, 'STİMUL Education & Consulting', 'https://stimul.az'),
(213, 'BELC', 'http://www.belc.az/'),
(214, 'AzimuT Tədris Mərkəzi', '#'),
(215, 'Edu company', 'http://www.educompany.az'),
(216, 'Elbite cources', '#'),
(217, 'Azline tədris mərkəzi', 'https://azline.az'),
(218, 'UNİKAL Təhsil Mərkəzi', 'https://unikal.edu.az/'),
(219, 'Avrasiya Tədris Mərkəzi', '#'),
(220, 'Xəzər Təhsil Mərkəzi (Gəncə)', 'http://www.xtm.az'),
(221, 'Partner Tədris Mərkəzi', '#'),
(222, 'Home education', 'http://www.home-edu.az/'),
(223, 'Elbite cources', '#'),
(224, 'Elbite cources', '#'),
(225, 'BELC', 'http://www.belc.az/'),
(226, 'Azline tədris mərkəzi', 'https://azline.az'),
(227, 'Elif Tədris Mərkəzi', '#'),
(228, 'PRESTIJ-S TEDRIS MERKEZI', 'http://prestij-s.com'),
(229, 'AzimuT Tədris Mərkəzi', '#'),
(230, 'Xəzər Təhsil Mərkəzi (Gəncə)', 'http://www.xtm.az'),
(231, 'Azericom (Neftçilər)', '#'),
(232, 'Home education', 'http://www.home-edu.az/'),
(233, 'Elbite cources', '#'),
(234, 'Elif Tədris Mərkəzi', '#'),
(235, 'PRESTIJ-S TEDRIS MERKEZI', 'http://prestij-s.com'),
(236, 'Xəzər Təhsil Mərkəzi (Gəncə)', 'http://www.xtm.az'),
(237, 'Azericom (Neftçilər)', '#'),
(238, 'STİMUL Education & Consulting', 'https://stimul.az'),
(239, 'Xəzər Təhsil Mərkəzi (Gəncə)', 'http://www.xtm.az'),
(240, 'STİMUL Education & Consulting', 'https://stimul.az'),
(241, 'Home education', 'http://www.home-edu.az/'),
(242, 'Elbite cources', '#'),
(243, 'Smart Kids Tədris Mərkəzi', '#'),
(244, 'STİMUL Education & Consulting', 'https://stimul.az'),
(245, 'AzimuT Tədris Mərkəzi', '#'),
(246, 'STİMUL Education & Consulting', 'https://stimul.az'),
(247, 'AzimuT Tədris Mərkəzi', '#'),
(248, 'Xəzər Təhsil Mərkəzi (Gəncə)', 'http://www.xtm.az'),
(249, 'Elbite cources', '#'),
(250, 'Azline tədris mərkəzi', 'https://azline.az'),
(251, 'Elif Tədris Mərkəzi', '#'),
(252, 'PRESTIJ-S TEDRIS MERKEZI', 'http://prestij-s.com'),
(253, 'Xəzər Təhsil Mərkəzi (Gəncə)', 'http://www.xtm.az'),
(254, 'Elbite cources', '#'),
(255, 'Elif Tədris Mərkəzi', '#'),
(256, 'PRESTIJ-S TEDRIS MERKEZI', 'http://prestij-s.com'),
(257, 'Xəzər Təhsil Mərkəzi (Gəncə)', 'http://www.xtm.az'),
(258, 'Azericom (Neftçilər)', '#'),
(259, 'Hədəf kursları', 'http://www.hedef.edu.az/'),
(260, 'Edu company', 'http://www.educompany.az'),
(261, 'Hədəf kursları', 'http://www.hedef.edu.az/'),
(262, 'Edu company', 'http://www.educompany.az'),
(263, 'Hədəf kursları', 'http://www.hedef.edu.az/'),
(264, 'Edu company', 'http://www.educompany.az'),
(265, 'STİMUL Education & Consulting', 'https://stimul.az'),
(266, 'Elbite cources', '#'),
(267, 'BELC', 'http://www.belc.az/'),
(268, 'Azline tədris mərkəzi', 'https://azline.az'),
(269, 'Kainat Tədris Mərkəzi', 'http://kainat.edu.az/'),
(270, 'Xəzər Təhsil Mərkəzi (Gəncə)', 'http://www.xtm.az'),
(271, 'Partner Tədris Mərkəzi', '#'),
(272, 'Home education', 'http://www.home-edu.az/'),
(273, 'Edu company', 'http://www.educompany.az'),
(274, 'Zəfər kursları', 'http://www.zefer.edu.az'),
(275, 'Elbite cources', '#'),
(276, 'Azline tədris mərkəzi', 'https://azline.az'),
(277, 'Partner Tədris Mərkəzi', '#'),
(278, 'Partner Tədris Mərkəzi', '#'),
(279, 'STİMUL Education & Consulting', 'https://stimul.az'),
(280, 'Partner Tədris Mərkəzi', '#'),
(281, 'STİMUL Education & Consulting', 'https://stimul.az'),
(282, 'Elbite cources', '#'),
(283, 'Azline tədris mərkəzi', 'https://azline.az'),
(284, 'Elif Tədris Mərkəzi', '#'),
(285, 'Partner Tədris Mərkəzi', '#'),
(286, 'Home education', 'http://www.home-edu.az/'),
(287, 'Edu company', 'http://www.educompany.az'),
(288, 'STİMUL Education & Consulting', 'https://stimul.az'),
(289, 'Elbite cources', '#'),
(290, 'Azline tədris mərkəzi', 'https://azline.az'),
(291, 'Partner Tədris Mərkəzi', '#'),
(292, 'Home education', 'http://www.home-edu.az/'),
(293, 'STİMUL Education & Consulting', 'https://stimul.az'),
(294, 'Elbite cources', '#'),
(295, 'Azline tədris mərkəzi', 'https://azline.az'),
(296, 'Avrasiya Tədris Mərkəzi', '#'),
(297, 'Home education', 'http://www.home-edu.az/'),
(298, 'Zəfər kursları', 'http://www.zefer.edu.az'),
(299, 'Kainat Tədris Mərkəzi', 'http://kainat.edu.az/'),
(300, 'Lead education', 'http://www.leadeducation.az/'),
(301, 'STİMUL Education & Consulting', 'https://stimul.az'),
(302, 'Elbite cources', '#'),
(303, 'BELC', 'http://www.belc.az/'),
(304, 'Azline tədris mərkəzi', 'https://azline.az'),
(305, 'Elif Tədris Mərkəzi', '#'),
(306, 'UNİKAL Təhsil Mərkəzi', 'https://unikal.edu.az/'),
(307, 'Avrasiya Tədris Mərkəzi', '#'),
(308, 'Kainat Tədris Mərkəzi', 'http://kainat.edu.az/'),
(309, 'Smart Kids Tədris Mərkəzi', '#'),
(310, 'Xəzər Təhsil Mərkəzi (Gəncə)', 'http://www.xtm.az'),
(311, 'Partner Tədris Mərkəzi', '#'),
(312, 'Azericom (Neftçilər)', '#'),
(313, 'Azəri hazırlıq kursları', 'http://www.azeri.edu.az'),
(314, 'Home education', 'http://www.home-edu.az/'),
(315, 'Edu company', 'http://www.educompany.az'),
(316, 'Zəfər kursları', 'http://www.zefer.edu.az'),
(317, 'STİMUL Education & Consulting', 'https://stimul.az'),
(318, 'STİMUL Education & Consulting', 'https://stimul.az'),
(319, 'Partner Tədris Mərkəzi', '#'),
(320, 'STİMUL Education & Consulting', 'https://stimul.az'),
(321, 'STİMUL Education & Consulting', 'https://stimul.az'),
(322, 'Elbite cources', '#'),
(323, 'BELC', 'http://www.belc.az/'),
(324, 'Azline tədris mərkəzi', 'https://azline.az'),
(325, 'Elif Tədris Mərkəzi', '#'),
(326, 'UNİKAL Təhsil Mərkəzi', 'https://unikal.edu.az/'),
(327, 'Avrasiya Tədris Mərkəzi', '#'),
(328, 'Kainat Tədris Mərkəzi', 'http://kainat.edu.az/'),
(329, 'Smart Kids Tədris Mərkəzi', '#'),
(330, 'Xəzər Təhsil Mərkəzi (Gəncə)', 'http://www.xtm.az'),
(331, 'Partner Tədris Mərkəzi', '#'),
(332, 'Azericom (Neftçilər)', '#'),
(333, 'Azəri hazırlıq kursları', 'http://www.azeri.edu.az'),
(334, 'Home education', 'http://www.home-edu.az/'),
(335, 'Edu company', 'http://www.educompany.az'),
(336, 'Zəfər kursları', 'http://www.zefer.edu.az'),
(337, 'Yeni Şəfəq Tədris Mərkəzi', 'https://www.yenishefeq.az/az/'),
(338, 'Azline tədris mərkəzi', 'https://azline.az'),
(339, 'STİMUL Education & Consulting', 'https://stimul.az'),
(340, 'STİMUL Education & Consulting', 'https://stimul.az'),
(341, 'Partner Tədris Mərkəzi', '#'),
(342, 'Azline tədris mərkəzi', 'https://azline.az'),
(343, 'Azline tədris mərkəzi', 'https://azline.az'),
(344, 'Azline tədris mərkəzi', 'https://azline.az'),
(345, 'BELC', 'http://www.belc.az/'),
(346, 'Kainat Tədris Mərkəzi', 'http://kainat.edu.az/'),
(347, 'Hədəf kursları', 'http://www.hedef.edu.az/'),
(348, 'Edu company', 'http://www.educompany.az'),
(349, 'Azline tədris mərkəzi', 'https://azline.az'),
(350, 'Hədəf kursları', 'http://www.hedef.edu.az/'),
(351, 'BELC', 'http://www.belc.az/'),
(352, 'Kainat Tədris Mərkəzi', 'http://kainat.edu.az/'),
(353, 'Hədəf kursları', 'http://www.hedef.edu.az/'),
(354, 'Edu company', 'http://www.educompany.az'),
(355, 'Azline tədris mərkəzi', 'https://azline.az'),
(356, 'Azline tədris mərkəzi', 'https://azline.az'),
(357, 'Azline tədris mərkəzi', 'https://azline.az'),
(358, 'Azline tədris mərkəzi', 'https://azline.az'),
(359, 'BELC', 'http://www.belc.az/'),
(360, 'Kainat Tədris Mərkəzi', 'http://kainat.edu.az/'),
(361, 'Edu company', 'http://www.educompany.az'),
(362, 'Azline tədris mərkəzi', 'https://azline.az'),
(363, 'AzimuT Tədris Mərkəzi', '#'),
(364, 'Azline tədris mərkəzi', 'https://azline.az'),
(365, 'Partner Tədris Mərkəzi', '#'),
(366, 'Smart Kids Tədris Mərkəzi', '#'),
(367, 'Home education', 'http://www.home-edu.az/'),
(368, 'Edu company', 'http://www.educompany.az'),
(369, 'Edu company', 'http://www.educompany.az'),
(370, 'Lead education', 'http://www.leadeducation.az/'),
(371, 'Elif Tədris Mərkəzi', '#'),
(372, 'Xəzər Təhsil Mərkəzi (Gəncə)', 'http://www.xtm.az'),
(373, 'Zəfər kursları', 'http://www.zefer.edu.az'),
(374, 'UNİKAL Təhsil Mərkəzi', 'https://unikal.edu.az/'),
(375, 'Azəri hazırlıq kursları', 'http://www.azeri.edu.az'),
(376, 'UNİKAL Təhsil Mərkəzi', 'https://unikal.edu.az/'),
(377, 'Lead education', 'http://www.leadeducation.az/'),
(378, 'Xəzər Təhsil Mərkəzi (Gəncə)', 'http://www.xtm.az'),
(379, 'Yeni Şəfəq Tədris Mərkəzi', 'https://www.yenishefeq.az/az/'),
(380, 'Lead education', 'http://www.leadeducation.az/'),
(381, 'Xəzər Təhsil Mərkəzi (Gəncə)', 'http://www.xtm.az'),
(382, 'Lead education', 'http://www.leadeducation.az/'),
(383, 'Elif Tədris Mərkəzi', '#'),
(384, 'UNİKAL Təhsil Mərkəzi', 'https://unikal.edu.az/'),
(385, 'Hədəf kursları', 'http://www.hedef.edu.az/'),
(386, 'Xəzər Təhsil Mərkəzi (Gəncə)', 'http://www.xtm.az'),
(387, 'Azəri hazırlıq kursları', 'http://www.azeri.edu.az'),
(388, 'Zəfər kursları', 'http://www.zefer.edu.az'),
(389, 'Lead education', 'http://www.leadeducation.az/'),
(390, 'Elif Tədris Mərkəzi', '#'),
(391, 'UNİKAL Təhsil Mərkəzi', 'https://unikal.edu.az/'),
(392, 'Avrasiya Tədris Mərkəzi', '#'),
(393, 'Hədəf kursları', 'http://www.hedef.edu.az/'),
(394, 'Xəzər Təhsil Mərkəzi (Gəncə)', 'http://www.xtm.az'),
(395, 'Azəri hazırlıq kursları', 'http://www.azeri.edu.az'),
(396, 'Zəfər kursları', 'http://www.zefer.edu.az'),
(397, 'Xəzər Təhsil Mərkəzi (Gəncə)', 'http://www.xtm.az'),
(398, 'Lead education', 'http://www.leadeducation.az/'),
(399, 'Avrasiya Tədris Mərkəzi', '#'),
(400, 'Hədəf kursları', 'http://www.hedef.edu.az/'),
(401, 'Xəzər Təhsil Mərkəzi (Gəncə)', 'http://www.xtm.az'),
(402, 'Azəri hazırlıq kursları', 'http://www.azeri.edu.az'),
(403, 'Zəfər kursları', 'http://www.zefer.edu.az'),
(404, 'Lead education', 'http://www.leadeducation.az/'),
(405, 'Elif Tədris Mərkəzi', '#'),
(406, 'Lead education', 'http://www.leadeducation.az/'),
(407, 'Elif Tədris Mərkəzi', '#'),
(408, 'UNİKAL Təhsil Mərkəzi', 'https://unikal.edu.az/'),
(409, 'Hədəf kursları', 'http://www.hedef.edu.az/'),
(410, 'Xəzər Təhsil Mərkəzi (Gəncə)', 'http://www.xtm.az'),
(411, 'Azəri hazırlıq kursları', 'http://www.azeri.edu.az'),
(412, 'Zəfər kursları', 'http://www.zefer.edu.az'),
(413, 'UNİKAL Təhsil Mərkəzi', 'https://unikal.edu.az/'),
(414, 'Hədəf kursları', 'http://www.hedef.edu.az/'),
(415, 'Lead education', 'http://www.leadeducation.az/'),
(416, 'Elif Tədris Mərkəzi', '#'),
(417, 'UNİKAL Təhsil Mərkəzi', 'https://unikal.edu.az/'),
(418, 'Hədəf kursları', 'http://www.hedef.edu.az/'),
(419, 'Lead education', 'http://www.leadeducation.az/'),
(420, 'Elif Tədris Mərkəzi', '#'),
(421, 'Yeni Şəfəq Tədris Mərkəzi', 'https://www.yenishefeq.az/az/'),
(422, 'UNİKAL Təhsil Mərkəzi', 'https://unikal.edu.az/'),
(423, 'Avrasiya Tədris Mərkəzi', '#'),
(424, 'Hədəf kursları', 'http://www.hedef.edu.az/'),
(425, 'Xəzər Təhsil Mərkəzi (Gəncə)', 'http://www.xtm.az'),
(426, 'Azəri hazırlıq kursları', 'http://www.azeri.edu.az'),
(427, 'Zəfər kursları', 'http://www.zefer.edu.az'),
(428, 'Hədəf kursları', 'http://www.hedef.edu.az/'),
(429, 'Azəri hazırlıq kursları', 'http://www.azeri.edu.az'),
(430, 'Azəri hazırlıq kursları', 'http://www.azeri.edu.az'),
(431, 'Yeni Şəfəq Tədris Mərkəzi', 'https://www.yenishefeq.az/az/'),
(432, 'UNİKAL Təhsil Mərkəzi', 'https://unikal.edu.az/'),
(433, 'Avrasiya Tədris Mərkəzi', '#'),
(434, 'Xəzər Təhsil Mərkəzi (Gəncə)', 'http://www.xtm.az'),
(435, 'Lead education', 'http://www.leadeducation.az/'),
(436, 'STİMUL Education & Consulting', 'https://stimul.az'),
(437, 'STİMUL Education & Consulting', 'https://stimul.az'),
(438, 'Home education', 'http://www.home-edu.az/'),
(439, 'STİMUL Education & Consulting', 'https://stimul.az'),
(440, 'STİMUL Education & Consulting', 'https://stimul.az'),
(441, 'Home education', 'http://www.home-edu.az/'),
(442, 'STİMUL Education & Consulting', 'https://stimul.az'),
(443, 'Partner Tədris Mərkəzi', '#'),
(444, 'STİMUL Education & Consulting', 'https://stimul.az'),
(445, 'STİMUL Education & Consulting', 'https://stimul.az'),
(446, 'Home education', 'http://www.home-edu.az/'),
(447, 'STİMUL Education & Consulting', 'https://stimul.az'),
(448, 'STİMUL Education & Consulting', 'https://stimul.az'),
(449, 'Home education', 'http://www.home-edu.az/'),
(450, 'STİMUL Education & Consulting', 'https://stimul.az'),
(451, 'Home education', 'http://www.home-edu.az/'),
(452, 'STİMUL Education & Consulting', 'https://stimul.az'),
(453, 'AzimuT Tədris Mərkəzi', '#'),
(454, 'STİMUL Education & Consulting', 'https://stimul.az'),
(455, 'STİMUL Education & Consulting', 'https://stimul.az'),
(456, 'Yeni Şəfəq Tədris Mərkəzi', 'https://www.yenishefeq.az/az/'),
(457, 'STİMUL Education & Consulting', 'https://stimul.az'),
(458, 'Yeni Şəfəq Tədris Mərkəzi', 'https://www.yenishefeq.az/az/'),
(459, 'Yeni Şəfəq Tədris Mərkəzi', 'https://www.yenishefeq.az/az/'),
(460, 'Yeni Şəfəq Tədris Mərkəzi', 'https://www.yenishefeq.az/az/'),
(461, 'Yeni Şəfəq Tədris Mərkəzi', 'https://www.yenishefeq.az/az/'),
(462, 'Yeni Şəfəq Tədris Mərkəzi', 'https://www.yenishefeq.az/az/'),
(463, 'Yeni Şəfəq Tədris Mərkəzi', 'https://www.yenishefeq.az/az/'),
(464, 'STİMUL Education & Consulting', 'https://stimul.az'),
(465, 'Yeni Şəfəq Tədris Mərkəzi', 'https://www.yenishefeq.az/az/'),
(466, 'Yeni Şəfəq Tədris Mərkəzi', 'https://www.yenishefeq.az/az/'),
(467, 'Yeni Şəfəq Tədris Mərkəzi', 'https://www.yenishefeq.az/az/'),
(468, 'Yeni Şəfəq Tədris Mərkəzi', 'https://www.yenishefeq.az/az/'),
(469, 'STİMUL Education & Consulting', 'https://stimul.az'),
(470, 'Yeni Şəfəq Tədris Mərkəzi', 'https://www.yenishefeq.az/az/'),
(471, 'Yeni Şəfəq Tədris Mərkəzi', 'https://www.yenishefeq.az/az/'),
(472, 'STİMUL Education & Consulting', 'https://stimul.az'),
(473, 'STİMUL Education & Consulting', 'https://stimul.az');

-- --------------------------------------------------------

--
-- Table structure for table `tedris`
--

CREATE TABLE `tedris` (
  `id` int(10) NOT NULL,
  `tedris_bloklari_id` int(10) NOT NULL,
  `alt_bolme` varchar(100) NOT NULL
) ENGINE=InnoDB DEFAULT CHARSET=utf8;

--
-- Dumping data for table `tedris`
--

INSERT INTO `tedris` (`id`, `tedris_bloklari_id`, `alt_bolme`) VALUES
(1, 1, 'Aşpaz'),
(2, 1, 'avtomobil kurslari'),
(3, 1, 'Bərbərlik kursları'),
(4, 1, 'dərzilik'),
(5, 1, 'dırnaq qaynağı'),
(6, 1, 'Əl işləri'),
(7, 1, 'manikyur '),
(8, 1, 'modelyer '),
(9, 1, 'Musiqi Dərsləri'),
(10, 1, 'pedikyur'),
(11, 1, 'Qaynaqçı'),
(12, 1, 'rəqs '),
(13, 1, 'Rəssamlıq     '),
(14, 1, 'Şahmat'),
(15, 1, 'Sürücülük kursları'),
(16, 1, 'Toxuculuq'),
(17, 2, ' Vergi Orqanlarına hazırlıq'),
(18, 2, 'Azərbaycan dili '),
(19, 2, 'Daxili İşlərə hazırlıq:'),
(20, 2, 'Dövlət qulluğu'),
(21, 2, 'Ədliyyə '),
(22, 2, 'Gömrük'),
(23, 2, 'Hakimlik orqanlarına hazırlıq:'),
(24, 2, 'İnformatika'),
(25, 2, 'Məntiq'),
(26, 2, 'Miqrasiya'),
(27, 2, 'Notariat və Ədliyyə orqanlarına hazırlıq:'),
(28, 2, 'Prokurorluq orqanlarına hazırlıq:'),
(29, 2, 'Qanunvericilik '),
(30, 2, 'Vergi'),
(31, 3, ' İbtidai sinifdə tədris olunan bütün fənnlər'),
(32, 4, ' Buraxılış imtahanı '),
(33, 4, 'bütün fənlər'),
(34, 4, 'Riyaziyyat və məntiq'),
(35, 4, 'VIsiniflər üzrə'),
(36, 4, 'V-siniflər üzrə'),
(37, 5, 'Dırnaq qaynağı'),
(38, 5, 'Diş texniki'),
(39, 5, 'Əczaçı'),
(40, 5, 'Fizioterapiya'),
(41, 5, 'İlkin tibbi yardım'),
(42, 5, 'Kosmetologiya'),
(43, 5, 'labaratoriyya'),
(44, 5, 'Loqoped'),
(45, 5, 'Psixologiya'),
(46, 5, 'Tibb bacısı'),
(47, 5, 'UZİ aparatları'),
(48, 5, 'Vizaj'),
(49, 6, ' Coğrafiya'),
(50, 6, ' Ədəbiyyat'),
(51, 6, '1 fənn'),
(52, 6, '2 fənn'),
(53, 6, '3 Fənn'),
(54, 6, '4 fənn'),
(55, 6, '5 fənn'),
(56, 6, '6 fənn'),
(57, 6, 'Azərbaycan dili '),
(58, 6, 'Biologiya'),
(59, 6, 'Bütün fənlər'),
(60, 6, 'Endirimli qiymət'),
(61, 6, 'Fizika'),
(62, 6, 'I qrup'),
(63, 6, 'II qrup'),
(64, 6, 'III qrup'),
(65, 6, 'IV qrup'),
(66, 6, 'Kimya'),
(67, 6, 'Riyaziyyat və məntiq'),
(68, 6, 'Tarix (Azərbaycan və Dünya tarixi)'),
(69, 6, 'Texnikuma hazırlıq'),
(70, 6, 'V qrup'),
(71, 6, 'Kollec  hazırlığı '),
(72, 7, 'Ana dili (Azərbaycan və ya Rus dili)'),
(73, 7, 'Ekskursiyalar '),
(74, 7, 'Əlifba'),
(75, 7, 'Həyat bilgisi'),
(76, 7, 'İbtidai sinif'),
(77, 7, 'İngilis dili'),
(78, 7, 'İntelektual oyunlar'),
(79, 7, 'Məktəb dərslərinin hazırlanması'),
(80, 7, 'Məntiq'),
(81, 7, 'Riyaziyyat və məntiq'),
(82, 7, 'Yazı'),
(83, 8, '2 fənn'),
(84, 8, '3 Fənn'),
(85, 8, 'Azərbaycan dili '),
(86, 8, 'İnformatika'),
(87, 8, 'İxtisas'),
(88, 8, 'Kurikulum'),
(89, 8, 'Məntiq'),
(90, 8, 'Qanunvericilik '),
(91, 9, '3D max'),
(92, 9, '3DS MAX'),
(93, 9, 'Access'),
(94, 9, 'Adobe Illustrator'),
(95, 9, 'Adobe İndesign'),
(96, 9, 'AJAX'),
(97, 9, 'ArchiCad'),
(98, 9, 'Arg gis'),
(99, 9, 'ASP'),
(100, 9, 'AutoCAD'),
(101, 9, 'C#'),
(102, 9, 'C++'),
(103, 9, 'Corel Draw'),
(104, 9, 'CSS'),
(105, 9, 'Delphi'),
(106, 9, 'Dizayn proqramları'),
(107, 9, 'Əməliyyat Sistemləri'),
(108, 9, 'Excel'),
(109, 9, 'HTML'),
(110, 9, 'İnformatika'),
(111, 9, 'Internet Explorer'),
(112, 9, 'IT'),
(113, 9, 'Java'),
(114, 9, 'JAVA SCRIPT'),
(115, 9, 'MS Office proqramları'),
(116, 9, 'MYSQL'),
(117, 9, 'Ofis proqramları'),
(118, 9, 'ORACLE'),
(119, 9, 'Photoshop'),
(120, 9, 'PHP'),
(121, 9, 'Power Point'),
(122, 9, 'Proqramlaşdırma Dilləri '),
(123, 9, 'Python '),
(124, 9, 'Qrafik Dizayn kursları'),
(125, 9, 'Quark Xpress '),
(126, 9, 'SQL'),
(127, 9, 'texnologiya'),
(128, 9, 'Verilənlər Bazasının İdarəetmə Sistemləri'),
(129, 9, 'Videomontaj  Adobe Premyer'),
(130, 9, 'Web Dizayn'),
(131, 9, 'Windows'),
(132, 9, 'Word'),
(133, 10, 'Məntiq'),
(134, 10, 'Riyaziyyat və məntiq'),
(135, 10, 'Türk'),
(136, 11, 'Alman dili'),
(137, 11, 'Azərbaycan dili '),
(138, 11, 'Çin dili'),
(139, 11, 'Danışıq klubları'),
(140, 11, 'Ərəb dili'),
(141, 11, 'Fars dili'),
(142, 11, 'Fransız dili'),
(143, 11, 'IELTS '),
(144, 11, 'İngilis dili'),
(145, 11, 'İspan dili'),
(146, 11, 'İtalyan dili'),
(147, 11, 'Polyak dili'),
(148, 11, 'Rus dili'),
(149, 11, 'TOEFL-İELTS hazırlığı'),
(150, 11, 'Türk'),
(151, 11, 'Xaricilər üçün Azərbaycan dili '),
(152, 11, 'Xaricilər üçün rus dili kursları'),
(153, 11, 'Yapon dili'),
(154, 12, 'Dövlət qulluğu'),
(155, 12, 'Ədliyyə '),
(156, 12, 'Gömrük'),
(157, 12, 'İnformatika'),
(158, 12, 'Maqistraturaya hazlrlıq         '),
(159, 12, 'Məntiq'),
(160, 12, 'Miqrasiya'),
(161, 12, 'Polis orqanları'),
(162, 12, 'Prokurorluq'),
(163, 12, 'Vergi'),
(164, 12, 'Xarici dil '),
(165, 13, 'Bank işi'),
(166, 13, 'Elektron bəyənnamələr'),
(167, 13, 'Mühasib'),
(168, 13, 'Nəzəriyyə'),
(169, 14, 'Məntiq'),
(170, 15, 'Riyaziyyat və məntiq'),
(171, 15, 'Türk'),
(172, 16, 'Ana dili (Azərbaycan və ya Rus dili)'),
(173, 16, 'Aylıq sınaq imtahanları'),
(174, 16, 'Bədii ədəbiyyat'),
(175, 16, 'Davranış qaydaları'),
(176, 16, 'Dərnəklər'),
(177, 16, 'Dünyagörüşü'),
(178, 16, 'Ekskursiyalar '),
(179, 16, 'Ətraf aləmlə tanışlıq'),
(180, 16, 'İngilis dili'),
(181, 16, 'İntelektual oyunlar'),
(182, 16, 'Məntiq'),
(183, 16, 'Müsabiqələrin təşkili'),
(184, 16, 'Musiqi Dərsləri'),
(185, 16, 'Nitq'),
(186, 16, 'Oriqami'),
(187, 16, 'Rəqs '),
(188, 16, 'Rəssamlıq     '),
(189, 16, 'Riyaziyyat və məntiq'),
(190, 16, 'Rus dili'),
(191, 16, 'Tədbirlər'),
(192, 16, 'Yazı və Oxu'),
(193, 16, 'Zəka oyunları'),
(194, 17, 'ACCA kursları (Fundamental və Professional mərhələlər)'),
(195, 17, 'Bank işi'),
(196, 17, 'Beynəlxalq Maliyyə Uçotu'),
(197, 17, 'Beynəlxalq Mühasibatlıq'),
(198, 17, 'BP və SOCAR imtahanlarına hazırlıq'),
(199, 17, 'HR və Rekrutinq kursları'),
(200, 17, 'Hüquq (bütün sahələr)'),
(201, 17, 'İnformasiya Texnologiyaları'),
(202, 17, 'Maliyyə uçotu'),
(203, 17, 'Marketinq və Satış ustalığı'),
(204, 17, 'Milli Mühasibatlıq '),
(205, 17, 'Nitq'),
(206, 17, 'PR İctimaiyyətlə Əlaqələlər'),
(207, 17, 'resepşnların hazırlanması '),
(208, 17, 'TƏRCÜMƏ XİDMƏTLƏRİ'),
(209, 17, 'Vergi Uçotu və Qanunvericilik'),
(210, 18, ' Uyqulamalı Bilimlər Fakültəsi'),
(211, 18, 'Dil kursları'),
(212, 18, 'Fənn-Ədəbiyyat Fakültəsi'),
(213, 18, 'Gözəl Sənətlər Fakültəsi'),
(214, 18, 'İdman Fakültəsi'),
(215, 18, 'İlahiyyət Fakültəsi'),
(216, 18, 'İlətişim Fakültəsi'),
(217, 18, 'İqtisadi və İdari Bilimlər fakültəsi '),
(218, 18, 'İxtisasartırma kursları'),
(219, 18, 'Kənd Təsərufatı Fakültəsi'),
(220, 18, 'Memarlıq Fakültəsi'),
(221, 18, 'Mühəndislik Fakültəsi'),
(222, 18, 'Sağlıq Bilimləri Fakültəsi'),
(223, 18, 'Sertifikat kursları'),
(224, 18, 'Təlim Fakültəsi'),
(225, 18, 'Turizm Fakültəsi'),
(226, 18, 'Xarici universitetlərdə təhsil'),
(227, 18, 'Yay və Qış düşərgələri');

-- --------------------------------------------------------

--
-- Table structure for table `tedris_bloklari`
--

CREATE TABLE `tedris_bloklari` (
  `id` int(11) NOT NULL,
  `tedris_bloku` varchar(100) NOT NULL
) ENGINE=InnoDB DEFAULT CHARSET=utf8;

--
-- Dumping data for table `tedris_bloklari`
--

INSERT INTO `tedris_bloklari` (`id`, `tedris_bloku`) VALUES
(1, 'Dərnəklər'),
(2, 'Dövlət qulluğuna hazırlığ'),
(3, 'Günuzadılmış'),
(4, 'Məktəb'),
(5, 'Tibb kursları'),
(6, 'Abituriyent hazırlığı'),
(7, 'İbtidai sinif hazırlığı'),
(8, 'MİQ hazırlığı'),
(9, 'Kompyuter proqramları'),
(10, 'YÖS hazırlığı'),
(11, 'Xarici dil'),
(12, 'Magistraturaya hazırlıq'),
(13, 'Mühasibat '),
(14, 'Məntiq'),
(15, 'ALES hazırlığı'),
(16, 'Məktəbəqədər'),
(17, 'Biznes'),
(18, 'Xaricdə təhsil');

-- --------------------------------------------------------

--
-- Table structure for table `tedris_shirketler`
--

CREATE TABLE `tedris_shirketler` (
  `id` int(10) NOT NULL,
  `tedris_alt_bolme_id` int(10) NOT NULL,
  `shirketler_id` int(10) NOT NULL
) ENGINE=InnoDB DEFAULT CHARSET=utf8;

--
-- Dumping data for table `tedris_shirketler`
--

INSERT INTO `tedris_shirketler` (`id`, `tedris_alt_bolme_id`, `shirketler_id`) VALUES
(1, 1, 1),
(2, 2, 2),
(3, 3, 3),
(4, 4, 4),
(5, 4, 5),
(6, 4, 6),
(7, 4, 7),
(8, 5, 8),
(9, 6, 9),
(10, 7, 10),
(11, 8, 11),
(12, 9, 12),
(13, 9, 13),
(14, 10, 14),
(15, 11, 15),
(16, 12, 16),
(17, 12, 17),
(18, 12, 18),
(19, 12, 19),
(20, 12, 20),
(21, 13, 21),
(22, 13, 22),
(23, 13, 23),
(24, 13, 24),
(25, 13, 25),
(26, 13, 26),
(27, 13, 27),
(28, 14, 28),
(29, 14, 29),
(30, 14, 30),
(31, 14, 31),
(32, 14, 32),
(33, 14, 33),
(34, 14, 34),
(35, 15, 35),
(36, 15, 36),
(37, 15, 37),
(38, 15, 38),
(39, 16, 39),
(40, 16, 40),
(41, 17, 41),
(42, 18, 42),
(43, 18, 43),
(44, 18, 44),
(45, 19, 45),
(46, 20, 46),
(47, 21, 47),
(48, 22, 48),
(49, 22, 49),
(50, 23, 50),
(51, 24, 51),
(52, 24, 52),
(53, 24, 53),
(54, 25, 54),
(55, 25, 55),
(56, 25, 56),
(57, 26, 57),
(58, 26, 58),
(59, 27, 59),
(60, 28, 60),
(61, 29, 61),
(62, 29, 62),
(63, 29, 63),
(64, 30, 64),
(65, 31, 65),
(66, 32, 66),
(67, 32, 67),
(68, 33, 68),
(69, 34, 69),
(70, 35, 70),
(71, 36, 71),
(72, 37, 72),
(73, 38, 73),
(74, 38, 74),
(75, 39, 75),
(76, 39, 76),
(77, 39, 77),
(78, 40, 78),
(79, 40, 79),
(80, 41, 80),
(81, 42, 81),
(82, 42, 82),
(83, 43, 83),
(84, 43, 84),
(85, 43, 85),
(86, 44, 86),
(87, 44, 87),
(88, 44, 88),
(89, 45, 89),
(90, 45, 90),
(91, 46, 91),
(92, 46, 92),
(93, 46, 93),
(94, 47, 94),
(95, 48, 95),
(96, 49, 96),
(97, 50, 97),
(98, 51, 98),
(99, 52, 99),
(100, 52, 100),
(101, 53, 101),
(102, 54, 102),
(103, 54, 103),
(104, 55, 104),
(105, 55, 105),
(106, 56, 106),
(107, 57, 107),
(108, 58, 108),
(109, 59, 109),
(110, 59, 110),
(111, 60, 111),
(112, 61, 112),
(113, 62, 113),
(114, 63, 114),
(115, 64, 115),
(116, 65, 116),
(117, 66, 117),
(118, 67, 118),
(119, 68, 119),
(120, 69, 120),
(121, 69, 121),
(122, 69, 122),
(123, 70, 123),
(124, 71, 124),
(125, 72, 125),
(126, 72, 126),
(127, 73, 127),
(128, 74, 128),
(129, 75, 129),
(130, 76, 130),
(131, 77, 131),
(132, 77, 132),
(133, 77, 133),
(134, 78, 134),
(135, 79, 135),
(136, 80, 136),
(137, 80, 137),
(138, 80, 138),
(139, 81, 139),
(140, 81, 140),
(141, 82, 141),
(142, 83, 142),
(143, 84, 143),
(144, 85, 144),
(145, 86, 145),
(146, 87, 146),
(147, 87, 147),
(148, 88, 148),
(149, 88, 149),
(150, 89, 150),
(151, 89, 151),
(152, 90, 152),
(153, 91, 153),
(154, 91, 154),
(155, 91, 155),
(156, 91, 156),
(157, 91, 157),
(158, 91, 158),
(159, 92, 159),
(160, 92, 160),
(161, 93, 161),
(162, 94, 162),
(163, 95, 163),
(164, 96, 164),
(165, 97, 165),
(166, 97, 166),
(167, 97, 167),
(168, 97, 168),
(169, 97, 169),
(170, 98, 170),
(171, 99, 171),
(172, 100, 172),
(173, 100, 173),
(174, 100, 174),
(175, 100, 175),
(176, 100, 176),
(177, 100, 177),
(178, 100, 178),
(179, 101, 179),
(180, 101, 180),
(181, 102, 181),
(182, 102, 182),
(183, 102, 183),
(184, 103, 184),
(185, 103, 185),
(186, 103, 186),
(187, 103, 187),
(188, 103, 188),
(189, 103, 189),
(190, 103, 190),
(191, 103, 191),
(192, 103, 192),
(193, 104, 193),
(194, 105, 194),
(195, 106, 195),
(196, 106, 196),
(197, 106, 197),
(198, 106, 198),
(199, 107, 199),
(200, 108, 200),
(201, 108, 201),
(202, 108, 202),
(203, 108, 203),
(204, 108, 204),
(205, 109, 205),
(206, 110, 206),
(207, 111, 207),
(208, 111, 208),
(209, 112, 209),
(210, 113, 210),
(211, 114, 211),
(212, 115, 212),
(213, 115, 213),
(214, 115, 214),
(215, 115, 215),
(216, 116, 216),
(217, 117, 217),
(218, 117, 218),
(219, 117, 219),
(220, 117, 220),
(221, 117, 221),
(222, 117, 222),
(223, 118, 223),
(224, 119, 224),
(225, 119, 225),
(226, 119, 226),
(227, 119, 227),
(228, 119, 228),
(229, 119, 229),
(230, 119, 230),
(231, 119, 231),
(232, 119, 232),
(233, 120, 233),
(234, 121, 234),
(235, 121, 235),
(236, 121, 236),
(237, 121, 237),
(238, 122, 238),
(239, 123, 239),
(240, 124, 240),
(241, 125, 241),
(242, 126, 242),
(243, 127, 243),
(244, 128, 244),
(245, 129, 245),
(246, 130, 246),
(247, 130, 247),
(248, 130, 248),
(249, 131, 249),
(250, 131, 250),
(251, 131, 251),
(252, 131, 252),
(253, 131, 253),
(254, 132, 254),
(255, 132, 255),
(256, 132, 256),
(257, 132, 257),
(258, 132, 258),
(259, 133, 259),
(260, 133, 260),
(261, 134, 261),
(262, 134, 262),
(263, 135, 263),
(264, 135, 264),
(265, 136, 265),
(266, 136, 266),
(267, 136, 267),
(268, 136, 268),
(269, 136, 269),
(270, 136, 270),
(271, 136, 271),
(272, 136, 272),
(273, 136, 273),
(274, 136, 274),
(275, 137, 275),
(276, 137, 276),
(277, 137, 277),
(278, 138, 278),
(279, 139, 279),
(280, 139, 280),
(281, 140, 281),
(282, 140, 282),
(283, 140, 283),
(284, 140, 284),
(285, 140, 285),
(286, 140, 286),
(287, 140, 287),
(288, 141, 288),
(289, 141, 289),
(290, 141, 290),
(291, 141, 291),
(292, 141, 292),
(293, 142, 293),
(294, 142, 294),
(295, 142, 295),
(296, 142, 296),
(297, 142, 297),
(298, 142, 298),
(299, 143, 299),
(300, 144, 300),
(301, 144, 301),
(302, 144, 302),
(303, 144, 303),
(304, 144, 304),
(305, 144, 305),
(306, 144, 306),
(307, 144, 307),
(308, 144, 308),
(309, 144, 309),
(310, 144, 310),
(311, 144, 311),
(312, 144, 312),
(313, 144, 313),
(314, 144, 314),
(315, 144, 315),
(316, 144, 316),
(317, 145, 317),
(318, 146, 318),
(319, 146, 319),
(320, 147, 320),
(321, 148, 321),
(322, 148, 322),
(323, 148, 323),
(324, 148, 324),
(325, 148, 325),
(326, 148, 326),
(327, 148, 327),
(328, 148, 328),
(329, 148, 329),
(330, 148, 330),
(331, 148, 331),
(332, 148, 332),
(333, 148, 333),
(334, 148, 334),
(335, 148, 335),
(336, 148, 336),
(337, 149, 337),
(338, 150, 338),
(339, 151, 339),
(340, 152, 340),
(341, 153, 341),
(342, 154, 342),
(343, 155, 343),
(344, 156, 344),
(345, 157, 345),
(346, 157, 346),
(347, 157, 347),
(348, 157, 348),
(349, 158, 349),
(350, 158, 350),
(351, 159, 351),
(352, 159, 352),
(353, 159, 353),
(354, 159, 354),
(355, 160, 355),
(356, 161, 356),
(357, 162, 357),
(358, 163, 358),
(359, 164, 359),
(360, 164, 360),
(361, 164, 361),
(362, 165, 362),
(363, 166, 363),
(364, 167, 364),
(365, 168, 365),
(366, 169, 366),
(367, 169, 367),
(368, 170, 368),
(369, 171, 369),
(370, 172, 370),
(371, 172, 371),
(372, 172, 372),
(373, 172, 373),
(374, 173, 374),
(375, 173, 375),
(376, 174, 376),
(377, 175, 377),
(378, 176, 378),
(379, 177, 379),
(380, 178, 380),
(381, 178, 381),
(382, 179, 382),
(383, 179, 383),
(384, 179, 384),
(385, 179, 385),
(386, 179, 386),
(387, 179, 387),
(388, 179, 388),
(389, 180, 389),
(390, 180, 390),
(391, 180, 391),
(392, 180, 392),
(393, 180, 393),
(394, 180, 394),
(395, 180, 395),
(396, 180, 396),
(397, 181, 397),
(398, 182, 398),
(399, 182, 399),
(400, 182, 400),
(401, 182, 401),
(402, 182, 402),
(403, 182, 403),
(404, 183, 404),
(405, 184, 405),
(406, 185, 406),
(407, 185, 407),
(408, 185, 408),
(409, 185, 409),
(410, 185, 410),
(411, 185, 411),
(412, 185, 412),
(413, 186, 413),
(414, 187, 414),
(415, 188, 415),
(416, 188, 416),
(417, 188, 417),
(418, 188, 418),
(419, 189, 419),
(420, 189, 420),
(421, 189, 421),
(422, 189, 422),
(423, 189, 423),
(424, 189, 424),
(425, 189, 425),
(426, 189, 426),
(427, 189, 427),
(428, 190, 428),
(429, 190, 429),
(430, 191, 430),
(431, 192, 431),
(432, 192, 432),
(433, 192, 433),
(434, 192, 434),
(435, 193, 435),
(436, 194, 436),
(437, 195, 437),
(438, 195, 438),
(439, 196, 439),
(440, 197, 440),
(441, 198, 441),
(442, 199, 442),
(443, 199, 443),
(444, 200, 444),
(445, 201, 445),
(446, 202, 446),
(447, 203, 447),
(448, 204, 448),
(449, 204, 449),
(450, 205, 450),
(451, 205, 451),
(452, 206, 452),
(453, 207, 453),
(454, 208, 454),
(455, 209, 455),
(456, 210, 456),
(457, 211, 457),
(458, 212, 458),
(459, 213, 459),
(460, 214, 460),
(461, 215, 461),
(462, 216, 462),
(463, 217, 463),
(464, 218, 464),
(465, 219, 465),
(466, 220, 466),
(467, 221, 467),
(468, 222, 468),
(469, 223, 469),
(470, 224, 470),
(471, 225, 471),
(472, 226, 472),
(473, 227, 473);

-- --------------------------------------------------------

--
-- Table structure for table `users`
--

CREATE TABLE `users` (
  `id` int(10) NOT NULL,
  `usarname` varchar(50) NOT NULL,
  `password` varchar(50) NOT NULL,
  `email` varchar(50) NOT NULL,
  `is_student` int(3) DEFAULT NULL,
  `is_teacher` int(3) DEFAULT NULL,
  `is_parent` int(3) DEFAULT NULL
) ENGINE=InnoDB DEFAULT CHARSET=utf8;

--
-- Indexes for dumped tables
--

--
-- Indexes for table `shirketler`
--
ALTER TABLE `shirketler`
  ADD PRIMARY KEY (`id`);

--
-- Indexes for table `tedris`
--
ALTER TABLE `tedris`
  ADD PRIMARY KEY (`id`);

--
-- Indexes for table `tedris_bloklari`
--
ALTER TABLE `tedris_bloklari`
  ADD PRIMARY KEY (`id`);

--
-- Indexes for table `tedris_shirketler`
--
ALTER TABLE `tedris_shirketler`
  ADD PRIMARY KEY (`id`);

--
-- Indexes for table `users`
--
ALTER TABLE `users`
  ADD PRIMARY KEY (`id`),
  ADD UNIQUE KEY `usarname` (`usarname`);

--
-- AUTO_INCREMENT for dumped tables
--

--
-- AUTO_INCREMENT for table `shirketler`
--
ALTER TABLE `shirketler`
  MODIFY `id` int(10) NOT NULL AUTO_INCREMENT, AUTO_INCREMENT=474;

--
-- AUTO_INCREMENT for table `tedris`
--
ALTER TABLE `tedris`
  MODIFY `id` int(10) NOT NULL AUTO_INCREMENT, AUTO_INCREMENT=228;

--
-- AUTO_INCREMENT for table `tedris_bloklari`
--
ALTER TABLE `tedris_bloklari`
  MODIFY `id` int(11) NOT NULL AUTO_INCREMENT, AUTO_INCREMENT=19;

--
-- AUTO_INCREMENT for table `tedris_shirketler`
--
ALTER TABLE `tedris_shirketler`
  MODIFY `id` int(10) NOT NULL AUTO_INCREMENT, AUTO_INCREMENT=474;

--
-- AUTO_INCREMENT for table `users`
--
ALTER TABLE `users`
  MODIFY `id` int(10) NOT NULL AUTO_INCREMENT;
COMMIT;

/*!40101 SET CHARACTER_SET_CLIENT=@OLD_CHARACTER_SET_CLIENT */;
/*!40101 SET CHARACTER_SET_RESULTS=@OLD_CHARACTER_SET_RESULTS */;
/*!40101 SET COLLATION_CONNECTION=@OLD_COLLATION_CONNECTION */;
